profile_id,skills
1,Guitar|Music Production|Piano|Public Speaking
2,Baking|Cooking|Nutrition
3,Excel|Python|SQL|Statistics
4,Cyber Security|Linux|Networking|Python
5,Competitive Programming|Django|FastAPI|Flask|Java|Python|SQL
6,AWS|CI/CD|Ethical Hacking|Linux|Networking
7,Baking|Django|FastAPI|SQL
8,C++|Docker|Git|Microservices|Python|SQL|Spring Boot
9,Baking|Cooking|Fitness Training|Meditation|Nutrition|Yoga
10,Data Visualization|Machine Learning|Pandas|Python
11,Baking|Cooking|Fitness Training|Meditation|Nutrition
12,Adobe Premiere Pro|Content Writing|Graphic Design|Photography|UI Design|Video Editing
13,Adobe Photoshop|Canva|Figma|UI Design|UX Research
14,AWS|Docker|Git|Kafka|Meditation|Microservices|MySQL
15,Figma|Graphic Design|TypeScript|UI Design
16,Django|FastAPI|SQL
17,Canva|Content Writing|Japanese|Music Theory|Photography|Video Editing
18,C++|Competitive Programming|Data Structures|Python
19,Machine Learning|NLP|PyTorch|Python|Statistics
20,Adobe Premiere Pro|Canva|Video Editing
21,Dart|Git|HTML|React Native|iOS Development
22,Cooking|Fitness Training|Meditation|Nutrition
23,Azure|Docker|Ethical Hacking|Linux
24,Adobe Premiere Pro|Canva|Content Writing|Graphic Design|Photography|Social Media Marketing
25,Digital Marketing|Excel|SEO|Social Media Marketing|Video Editing
26,French|German|Hindi|Japanese|Public Speaking|Spanish
27,Django|Machine Learning|NumPy|Pandas|Power BI|SQL|Statistics
28,Guitar|Music Production|Piano|Singing
29,Communication|English Speaking|French|German|Hindi|Japanese|Public Speaking
30,NLP|PyTorch|TensorFlow
31,Graphic Design|Guitar|Music Production|Music Theory|Piano|Singing
32,Node.js|Tailwind CSS|TypeScript
33,Android Development|Firebase|Git|React|React Native|Swift|iOS Development
34,Deep Learning|Machine Learning|Pandas|PyTorch|Python|TensorFlow
35,Data Visualization|NumPy|SQL
36,Azure|CI/CD|Docker|English Speaking|Ethical Hacking|Linux|Microservices|Networking
37,Adobe Premiere Pro|Content Writing|Graphic Design|Public Speaking
38,Baking|Cooking|Fitness Training|Nutrition
39,Deep Learning|NLP|Statistics|TensorFlow
40,Canva|Guitar|Music Production|Photography|Singing
41,Algorithms|Communication|Django|Flask|Java|Pandas|Python|SQL
42,Data Visualization|NumPy|PyTorch|Python|TensorFlow
43,Figma|Illustration|Nutrition|Prototyping|React|Tailwind CSS|UI Design
44,Baking|Cooking|Fitness Training|Meditation|Nutrition|Yoga
45,CSS|English Speaking|Firebase|Next.js|Node.js|Swift
46,English Speaking|French|German|Leadership|Spanish
47,Adobe Premiere Pro|Content Writing|Music Theory|Photography
48,CSS|Figma|Node.js|Tailwind CSS|UI Design
49,Kubernetes|Microservices|Terraform
50,Guitar|Music Production|Music Theory|Piano|Singing
51,Baking|Cooking|Nutrition
52,AWS|Azure|Docker
53,Digital Marketing|Graphic Design|Photography|Public Speaking|SEO|Social Media Marketing
54,FastAPI|Fitness Training|Flask|Git|Python|SQL
55,English Speaking|French|German|Japanese|Public Speaking
56,Baking|Canva|Guitar|Music Theory|Piano|Singing
57,Baking|Cooking|Nutrition
58,Android Development|Dart|Flutter|Kotlin|Next.js|React
59,Dart|Firebase|Git|iOS Development
60,Deep Learning|FastAPI|Git|Machine Learning|Power BI|SQL|Statistics
61,Computer Vision|German|Machine Learning|PyTorch|TensorFlow
62,Data Visualization|Deep Learning|Power BI|PyTorch|Python
63,Algorithms|C++|Java
64,NLP|Python|Statistics|TensorFlow
65,Android Development|Dart|Flutter|German|Swift|iOS Development
66,Git|Kafka|Microservices|MySQL|Nutrition|SQL|Terraform
67,Canva|Interview Preparation|SEO|Social Media Marketing
68,English Speaking|Hindi|Japanese|Leadership|Spanish
69,Android Development|Firebase|French|React Native
70,C++|Docker|Git|REST APIs|Spring Boot
71,Azure|Linux|Microservices|Terraform
72,HTML|Next.js|TypeScript
73,Meditation|Nutrition|Yoga
74,Docker|Fitness Training|Java|Linux|Microservices|Spring Boot
75,Docker|Git|Kafka|REST APIs|SQL
76,Data Visualization|Machine Learning|Pandas|Python
77,French|German|Interview Preparation|Japanese|Spanish
78,Cyber Security|Ethical Hacking|Linux
79,Django|FastAPI|Flask|Git|SQL|Statistics
80,Firebase|Node.js|Swift|iOS Development
81,Dart|Firebase|Kotlin
82,Cooking|Fitness Training|Meditation|Nutrition|Yoga
83,Android Development|Flutter|Kotlin|Nutrition
84,Adobe Premiere Pro|Guitar|Music Production|Music Theory|Piano|Singing
85,Content Writing|Digital Marketing|Excel|Leadership|SEO
86,Machine Learning|NumPy|Power BI|SQL|Statistics
87,AWS|Git|Kafka|MySQL|REST APIs|SQL|Terraform
88,Canva|Digital Marketing|Excel|Photography|Video Editing
89,Adobe Premiere Pro|Guitar|Music Production|Photography|Piano|Singing
90,Algorithms|Competitive Programming|Django|Pandas|Python
91,Computer Vision|Machine Learning|PyTorch|Statistics
92,CI/CD|Kubernetes|Linux|MySQL|SQL|Terraform
93,Docker|Kafka|MySQL|Spring Boot
94,Algorithms|C++|Data Structures|Java|Python
95,Adobe Photoshop|Prototyping|UX Research
96,Data Visualization|Excel|Fitness Training|NumPy|Power BI|Statistics
97,Machine Learning|Pandas|PyTorch|Statistics|TensorFlow
98,AWS|Git|Java|Kubernetes|Microservices|Music Theory
99,CSS|Dart|Swift|iOS Development
100,Adobe Premiere Pro|Digital Marketing|Graphic Design|Photography|Public Speaking
101,Android Development|Firebase|Nutrition|React|iOS Development
102,Fitness Training|Meditation|Public Speaking|Yoga
103,Adobe Photoshop|Figma|Illustration|Prototyping
104,Docker|Java|Microservices|MySQL
105,Adobe Premiere Pro|Canva|Content Writing|Digital Marketing|Graphic Design|Photography|Video Editing
106,Canva|Content Writing|Graphic Design|Photography|UI Design|Video Editing
107,Adobe Premiere Pro|Canva|Content Writing|Digital Marketing|Graphic Design|Video Editing
108,Android Development|Flutter|JavaScript|Kotlin|React Native
109,CI/CD|Docker|Kafka|Linux|Microservices|SQL|Terraform
110,Excel|Machine Learning|Python
111,Competitive Programming|Docker|Microservices|MySQL|Python|REST APIs|Spring Boot
112,Java|Kubernetes|Linux|Microservices|Terraform
113,Cooking|Fitness Training|Meditation|Nutrition
114,Canva|Content Writing|Digital Marketing|Graphic Design|SEO
115,Data Structures|Docker|Kafka|Music Production|Python|REST APIs|SQL|Spring Boot
116,Data Visualization|Deep Learning|NumPy
117,Graphic Design|Illustration|Prototyping|UI Design|UX Research
118,Adobe Premiere Pro|Guitar|Music Production|Music Theory|Piano|Singing
119,Dart|React Native|iOS Development
120,Canva|Content Writing|Digital Marketing|German
121,Baking|Cooking|Nutrition
122,Django|Java|Pandas|Python|SQL
123,Guitar|Music Production|Music Theory|Piano|Singing
124,Baking|Cooking|French|Nutrition|Yoga
125,Data Visualization|Deep Learning|Flask|Machine Learning|Power BI|SQL
126,Fitness Training|Meditation|Yoga
127,Django|FastAPI|Flask|Git|Leadership|Pandas
128,Communication|English Speaking|French|German|Guitar|Hindi|Spanish
129,Dart|React Native|Swift
130,Communication|English Speaking|Interview Preparation|Leadership|Public Speaking
131,Cooking|Fitness Training|Meditation|Nutrition|Yoga
132,C++|Flask|Java|Python
133,Communication|English Speaking|Interview Preparation|Leadership|Public Speaking|Spanish
134,Android Development|Dart|Git|Tailwind CSS|iOS Development
135,Baking|Cooking|Meditation|Nutrition
136,Django|FastAPI|NumPy|Pandas|Python|SQL|Yoga
137,Flask|Git|Pandas|Python|SQL
138,Data Visualization|Django|FastAPI|Git|Python|SQL
139,PyTorch|Python|SQL|TensorFlow
140,Ethical Hacking|Microservices|Networking|Public Speaking|Python
141,Adobe Premiere Pro|Canva|Photography|Spanish|Video Editing
142,Communication|English Speaking|Interview Preparation
143,CSS|Nutrition|React|Tailwind CSS|TypeScript
144,Adobe Premiere Pro|Content Writing|Graphic Design|Photography|Video Editing|Yoga
145,Git|Pandas|Python|SQL
146,Canva|Communication|Digital Marketing|Excel|Interview Preparation|Social Media Marketing
147,CI/CD|Kubernetes|Microservices|Terraform
148,Guitar|Music Production|Music Theory|Piano|Singing|Video Editing
149,CI/CD|Docker|Kubernetes|Linux|Microservices
150,Guitar|Music Production|Music Theory|Piano|Singing
151,Flask|Git|Machine Learning|Pandas|Statistics
152,Dart|Firebase|Kotlin
153,Figma|Next.js|Node.js|React|TypeScript
154,Excel|SEO|Social Media Marketing
155,Communication|Content Writing|English Speaking|Excel|Leadership
156,Deep Learning|Machine Learning|NumPy|Statistics
157,HTML|Java|JavaScript|Next.js|Tailwind CSS|TypeScript
158,Android Development|Kotlin|Swift|Tailwind CSS
159,Adobe Premiere Pro|Canva|Content Writing|Digital Marketing|Graphic Design|Photography|Social Media Marketing
160,Canva|Digital Marketing|Excel|Social Media Marketing
161,Adobe Premiere Pro|Canva|Content Writing|Photography|Video Editing
162,Azure|Docker|Meditation|Microservices|Terraform
163,Azure|Microservices|Terraform
164,Communication|English Speaking|Interview Preparation|Leadership|Nutrition
165,C++|Competitive Programming|Data Structures|Python
166,Adobe Premiere Pro|Canva|German|Graphic Design|Singing
167,Docker|REST APIs|SQL
168,Baking|Git|HTML|Illustration|JavaScript|React|TypeScript
169,Deep Learning|Machine Learning|NLP|Python|Statistics
170,Baking|Cooking|Fitness Training|Nutrition
171,Docker|Git|JavaScript|MySQL|SQL
172,French|German|Hindi|Japanese|Leadership|Spanish
173,HTML|Next.js|TypeScript
174,Baking|Cooking|Fitness Training|Nutrition|Yoga
175,Baking|Cooking|Nutrition
176,Canva|Content Writing|Public Speaking|Social Media Marketing
177,Data Visualization|FastAPI|Machine Learning|Pandas|SQL
178,Content Writing|Digital Marketing|Excel|Graphic Design|Photography|Public Speaking|Social Media Marketing
179,Digital Marketing|Excel|Public Speaking|SEO|Social Media Marketing
180,Java|Kafka|SQL|Spring Boot
181,C++|Competitive Programming|Data Structures|Java|Kafka|Python
182,Canva|Communication|English Speaking|Excel|Interview Preparation|Leadership|Public Speaking
183,Django|FastAPI|Git|Machine Learning|Python|SQL
184,Computer Vision|Machine Learning|NLP|PyTorch|SQL
185,Computer Vision|Deep Learning|Music Production|NLP|PyTorch|Python|TensorFlow
186,Django|Flask|Pandas|SQL
187,Docker|Git|JavaScript|Kafka|MySQL|Next.js
188,Communication|French|Hindi|Japanese|Spanish
189,Cyber Security|Ethical Hacking|Linux|Networking|Python
190,English Speaking|French|Japanese|Leadership|Spanish
191,Excel|Machine Learning|NLP|PyTorch|Statistics
192,CSS|Docker|Git|Microservices|SQL|Spring Boot|Tailwind CSS
193,Adobe Premiere Pro|Content Writing|Video Editing
194,Baking|Cooking|Fitness Training|Meditation|Nutrition|Yoga
195,Baking|Cooking|Meditation|Nutrition|Public Speaking|Yoga
196,Canva|Content Writing|German|Graphic Design|Illustration|Photography
197,Data Visualization|Excel|FastAPI|Guitar|NumPy|Statistics
198,Adobe Premiere Pro|Canva|Content Writing|Photography|Video Editing
199,Django|Flask|Python|SQL
200,Content Writing|Excel|SEO
201,AWS|Kubernetes|Microservices|REST APIs
202,Fitness Training|Meditation|Yoga
203,Cyber Security|Docker|Ethical Hacking|Kubernetes|Linux|Networking|Python
204,Adobe Photoshop|Illustration|Music Theory|UI Design|UX Research
205,Azure|Docker|Terraform
206,Digital Marketing|Excel|Social Media Marketing
207,Azure|Docker|Git|Kubernetes|Terraform
208,Computer Vision|Data Visualization|Excel|PyTorch|Statistics|TensorFlow
209,Adobe Photoshop|Figma|Illustration|Public Speaking|UI Design
210,Firebase|Flutter|Kotlin|React Native|iOS Development
211,Canva|Communication|English Speaking|Interview Preparation|Public Speaking
212,AWS|Cyber Security|Ethical Hacking|Microservices|Networking
213,Baking|Cooking|Nutrition
214,Computer Vision|Deep Learning|Excel|TensorFlow
215,Data Structures|Java|Python|Spring Boot
216,Baking|Cooking|Nutrition|Yoga
217,Cooking|Fitness Training|Nutrition|Yoga
218,Git|HTML|Node.js|Tailwind CSS|iOS Development
219,Canva|Content Writing|Digital Marketing|Music Theory|Photography|Public Speaking|Social Media Marketing
220,CSS|Figma|Prototyping|UI Design
221,CSS|Flutter|React Native|Swift|TypeScript|iOS Development
222,Adobe Photoshop|Cooking|Figma|Photography|UI Design
223,CI/CD|Cyber Security|Kubernetes|Terraform
224,Digital Marketing|Excel|French|Public Speaking|SEO|Social Media Marketing
225,Canva|Content Writing|Excel
226,Guitar|Music Production|Music Theory|Piano
227,AWS|Azure|Baking|CI/CD|Cyber Security|Kubernetes|Linux
228,English Speaking|French|Hindi|Japanese|Spanish
229,CSS|Git|Java|Microservices|Node.js|REST APIs|Spring Boot
230,English Speaking|Graphic Design|Prototyping|UI Design
231,Deep Learning|NLP|PyTorch|Statistics
232,Algorithms|C++|Python
233,CI/CD|Docker|Kubernetes|Linux|Microservices
234,Baking|Cooking|Fitness Training|Meditation|Nutrition|Yoga
235,German|Graphic Design|Guitar|Music Production|Music Theory|Singing
236,Competitive Programming|Docker|Git|Java|Microservices|SQL
237,Adobe Premiere Pro|Canva|Video Editing
238,Baking|Cooking|Fitness Training|Meditation|Nutrition|Yoga
239,Algorithms|C++|Competitive Programming|Data Structures|FastAPI|Flask|Java
240,Content Writing|Digital Marketing|Excel|Interview Preparation|Public Speaking|SEO
241,CI/CD|Kubernetes|Terraform
242,Firebase|Flutter|Git|Kotlin|Node.js|React Native
243,Communication|English Speaking|Interview Preparation|Japanese|Leadership|Public Speaking
244,Excel|FastAPI|Power BI|SQL|Statistics
245,Communication|English Speaking|French|German|Hindi|Japanese|Spanish
246,Guitar|Music Production|Music Theory|Photography|Piano|Singing|Video Editing
247,Excel|Power BI|Python|Statistics
248,CSS|HTML|Next.js|Node.js|Nutrition
249,Algorithms|C++|Data Structures|Java|Python|SQL
250,Baking|Cooking|Meditation|Nutrition
251,Docker|Git|Java|Microservices|Node.js|Spring Boot
252,Django|Excel|FastAPI|Git|Python|SQL
253,AWS|Docker|Linux
254,Music Theory|Piano|Singing
255,Fitness Training|German|Meditation|Nutrition
256,Cooking|Fitness Training|Meditation|Yoga
257,Cyber Security|Linux|Microservices|Networking|Piano|Python|Terraform
258,Adobe Premiere Pro|Canva|Content Writing|Graphic Design|Singing|Video Editing
259,Content Writing|Guitar|Music Production|Music Theory|Spanish|Video Editing
260,Content Writing|Public Speaking|SEO|Social Media Marketing
261,Azure|CI/CD|Kubernetes|Terraform
262,Adobe Premiere Pro|Canva|Content Writing|Japanese|Photography|Video Editing
263,Canva|Photography|Public Speaking|Social Media Marketing
264,AWS|Cyber Security|Linux|Microservices|Terraform
265,Data Structures|Django|FastAPI|Flask|Python
266,Cooking|Figma|Illustration|Prototyping
267,Content Writing|Digital Marketing|Meditation|SEO|Social Media Marketing
268,Android Development|Flutter|Kotlin|Tailwind CSS|iOS Development
269,Algorithms|C++|Java|Pandas|Python
270,Java|Microservices|Spring Boot
271,Content Writing|Digital Marketing|Public Speaking|SEO|Social Media Marketing
272,Guitar|Music Production|Music Theory|Photography|Piano|Singing|Video Editing
273,Data Structures|Java|Python|SQL
274,Communication|Cooking|Japanese|Leadership|Public Speaking|Spanish
275,Adobe Premiere Pro|Canva|Graphic Design|Photography|SEO|Video Editing
276,Cooking|Deep Learning|Machine Learning|Python|Statistics|TensorFlow
277,Azure|Docker|Kafka|REST APIs|Spring Boot
278,English Speaking|French|Hindi|Japanese|Leadership|Public Speaking|Spanish
279,Competitive Programming|Flask|Java|Python
280,Cyber Security|Ethical Hacking|Linux|Microservices|Networking|Python
281,Cyber Security|Ethical Hacking|Linux|Python
282,Adobe Photoshop|Figma|Illustration|Interview Preparation|Photography|Prototyping|UX Research|Video Editing
283,Git|Microservices|MySQL
284,C++|Django|Git|Pandas
285,Baking|Fitness Training|Music Production|Nutrition|Yoga
286,English Speaking|Interview Preparation|Leadership|Public Speaking
287,Communication|English Speaking|French|German|Japanese|Spanish
288,Flask|Git|Pandas
289,Communication|English Speaking|Interview Preparation|Leadership|SEO
290,English Speaking|Fitness Training|French|German|Hindi|Interview Preparation|Leadership|Spanish
291,Data Visualization|Machine Learning|NLP|Pandas|TensorFlow
292,English Speaking|Pandas|Power BI|Python|SQL|Statistics
293,Baking|Cooking|Nutrition
294,Adobe Photoshop|Graphic Design|HTML|React|UI Design
295,CSS|Graphic Design|HTML|JavaScript|React|Spanish|Tailwind CSS
296,Adobe Photoshop|Adobe Premiere Pro|Canva|Content Writing|Graphic Design|Leadership|Photography|Prototyping
297,Pandas|Power BI|Python|SQL
298,Algorithms|C++|Competitive Programming|Data Structures|Kafka|Spring Boot
299,Adobe Photoshop|Figma|Graphic Design
300,Algorithms|C++|Competitive Programming|Git|Java|Kafka|Python
301,Git|Microservices|Next.js|React|SQL
302,Baking|Cooking|Fitness Training|Japanese|Nutrition
303,Communication|German|Hindi|Japanese|Leadership|Nutrition|Spanish
304,Git|Kafka|Kubernetes|Microservices|MySQL|Public Speaking|SQL|Terraform
305,Dart|Firebase|Kotlin|React Native
306,Algorithms|C++|Django|Flask|Git|Pandas
307,Baking|Cooking|Fitness Training|Meditation|Nutrition|Yoga
308,AWS|Cyber Security|Ethical Hacking|Python|Terraform
309,Competitive Programming|Django|Flask|Git|Pandas|SQL
310,Figma|Graphic Design|Music Theory|UI Design|UX Research
311,Git|MySQL|REST APIs|SQL
312,Dart|Flutter|HTML|JavaScript|Public Speaking|Swift
313,Baking|Music Production|Music Theory|Singing
314,Content Writing|Graphic Design|Guitar|Music Production|Piano
315,English Speaking|Fitness Training|French|Hindi|Public Speaking
316,Baking|Cooking|Fitness Training|Nutrition
317,Baking|Cooking|Meditation|Nutrition
318,Canva|Content Writing|Music Production|Video Editing
319,Excel|Machine Learning|NLP|Python|SQL
320,Cooking|Graphic Design|Illustration|Prototyping|UI Design|UX Research
321,Adobe Premiere Pro|Content Writing|Photography|UI Design|Video Editing
322,Canva|Content Writing|Digital Marketing|Public Speaking|SEO|Social Media Marketing
323,C++|Communication|Competitive Programming|Data Structures|FastAPI|Flask|Java|Python
324,Cooking|Fitness Training|Nutrition|Yoga
325,English Speaking|Hindi|Spanish
326,Git|Microservices|SQL|Spring Boot
327,CSS|English Speaking|HTML|JavaScript
328,Adobe Photoshop|Graphic Design|Guitar|Illustration|Photography|Prototyping|UI Design
329,Cooking|Machine Learning|NLP|Pandas|Python|Statistics|TensorFlow
330,Baking|Cooking|English Speaking|Nutrition
331,Deep Learning|NumPy|Pandas|Power BI|SQL
332,AWS|Azure|Docker|Kubernetes|MySQL|Terraform
333,Communication|English Speaking|Interview Preparation|Leadership|Public Speaking
334,Content Writing|Guitar|Music Production|Music Theory|Piano|Singing
335,Communication|Japanese|Leadership|Public Speaking|Spanish
336,Competitive Programming|FastAPI|Flask|Git|Java|Nutrition|Pandas|Python
337,Guitar|Music Production|Music Theory|Piano|Singing
338,Baking|Cooking|Nutrition
339,CI/CD|Kafka|Kubernetes|Linux|Microservices|Terraform
340,Dart|Firebase|HTML|Kotlin|React Native|Swift
341,Adobe Premiere Pro|Content Writing|Photography|Social Media Marketing|Video Editing
342,Baking|Cooking|Meditation|Nutrition
343,Figma|Git|Graphic Design|Illustration|TypeScript|UI Design|UX Research
344,C++|Data Structures|Java|REST APIs
345,Algorithms|Data Structures|Django|Hindi|Java|Python
346,Adobe Photoshop|Canva|Content Writing|Graphic Design|Illustration
347,Algorithms|Competitive Programming|Data Structures|Git|Guitar|Python
348,German|Hindi|Japanese|Spanish
349,Git|Tailwind CSS|TypeScript
350,Fitness Training|Meditation|Nutrition|Public Speaking|Yoga
351,Cyber Security|Docker|Ethical Hacking|Linux|Networking|Python
352,Dart|Firebase|Flutter|JavaScript|Kotlin|Next.js|iOS Development
353,Computer Vision|Deep Learning|Machine Learning|NLP|Pandas|SQL
354,CI/CD|Cyber Security|Ethical Hacking|Kubernetes|Linux|Music Theory|Networking|Python
355,Canva|Content Writing|Graphic Design|Video Editing
356,Baking|English Speaking|French|German|Hindi|Japanese|Leadership
357,Android Development|Firebase|Nutrition|React|React Native|Swift|iOS Development
358,Deep Learning|Django|Git|NumPy|Pandas
359,Cyber Security|Linux|Python
360,Baking|Cooking|Nutrition
361,Baking|Digital Marketing|English Speaking|Interview Preparation|Leadership
362,Azure|CI/CD|Docker|Kubernetes|Terraform
363,Android Development|CSS|Firebase|Fitness Training|Flutter|React
364,Communication|Content Writing|English Speaking|Interview Preparation|Public Speaking
365,CSS|JavaScript|React|Tailwind CSS
366,Django|FastAPI|Flask
367,AWS|Azure|CI/CD|Microservices|Terraform
368,Deep Learning|English Speaking|Machine Learning|NLP|NumPy|PyTorch|SQL|Statistics
369,English Speaking|Hindi|Japanese
370,English Speaking|Hindi|Japanese|Leadership|Nutrition
371,Adobe Photoshop|Baking|Figma|Illustration|React|UI Design|UX Research
372,Data Visualization|Deep Learning|Machine Learning|NumPy|PyTorch|TensorFlow
373,Android Development|CSS|Swift|iOS Development
374,Cooking|English Speaking|Fitness Training|Meditation|Nutrition|Yoga
375,Communication|English Speaking|Interview Preparation|Public Speaking|SEO
376,Baking|Communication|Cooking|Nutrition
377,AWS|Azure|Cyber Security|Ethical Hacking|Networking|Python
378,Deep Learning|NLP|Pandas|PyTorch|Python|Statistics
379,Meditation|Nutrition|Yoga
380,Android Development|Firebase|Flutter|Kotlin|React Native
381,Adobe Photoshop|Canva|Illustration|Prototyping|UX Research
382,Adobe Photoshop|Figma|Graphic Design|Prototyping
383,Data Visualization|Machine Learning|Power BI|Statistics
384,Docker|Kafka|Microservices|MySQL|TypeScript
385,Communication|English Speaking|Leadership|Public Speaking
386,Baking|Fitness Training|Meditation|Nutrition|Yoga
387,Communication|English Speaking|French|Hindi|Japanese|Piano|Spanish
388,Adobe Premiere Pro|Content Writing|Figma|Illustration|Prototyping|UX Research
389,Baking|Cooking|Fitness Training|Nutrition
390,Algorithms|C++|Competitive Programming|Data Structures|Java|Leadership
391,French|German|Hindi|Japanese
392,Baking|Cooking|Nutrition|Yoga
393,English Speaking|German|Hindi|Spanish
394,JavaScript|Next.js|Node.js|REST APIs|React
395,AWS|CI/CD|Linux|Microservices
396,Canva|Content Writing|English Speaking|Public Speaking|Social Media Marketing
397,Deep Learning|English Speaking|Machine Learning|PyTorch
398,Ethical Hacking|Linux|Networking|Python
399,Adobe Premiere Pro|Content Writing|Guitar|Interview Preparation|Music Theory|Piano|Singing
400,Baking|Cooking|Meditation|Nutrition
401,Algorithms|Competitive Programming|Java|Python
402,Cyber Security|Linux|Networking|Python
403,Data Visualization|FastAPI|Git|Pandas|Power BI|SQL|Statistics
404,Content Writing|Excel|Interview Preparation|SEO|Social Media Marketing
405,AWS|Ethical Hacking|Linux|Networking
406,CI/CD|Docker|Kubernetes|Linux|Microservices
407,Computer Vision|Deep Learning|Statistics|TensorFlow
408,Computer Vision|Machine Learning|NLP|PyTorch|Python
409,Cyber Security|Linux|Networking|Nutrition|Terraform
410,Machine Learning|NLP|Power BI|Statistics|TensorFlow
411,Data Visualization|Machine Learning|NumPy|SQL
412,Dart|Firebase|Flutter|React Native
413,Adobe Premiere Pro|Canva|Music Production|Photography|Piano|Singing
414,Adobe Premiere Pro|Guitar|Music Production|Music Theory|Piano|Singing
415,Data Visualization|Machine Learning|NumPy|Python
416,English Speaking|French|Japanese|Spanish
417,Data Visualization|Django|FastAPI|Flask|Nutrition|Python|SQL
418,Canva|Communication|Excel|Interview Preparation|Public Speaking
419,Django|FastAPI|Flask|Pandas
420,Algorithms|C++|Competitive Programming|Data Structures|Hindi|Java
